farmer_id,farmer_name,region,farm_size_acres,contract_start_date,experience_years,contact_number,bank_account
F0001,Laban Verma,North Gujarat,40,2021-09-30,6,5308058815,GB63BHGG3866705075256
F0002,Zayan Sehgal,North Gujarat,30,2023-03-14,18,912223529437,GB49JSSU0845408768780
F0003,Sanya Patla,Central Gujarat,16,2024-02-23,18,5287680321,GB78YZME3497513181029
F0004,Luke Subramaniam,South Gujarat,44,2023-11-03,4,8367838358,GB91UEFY7587678355448
F0005,Balvan Krish,South Gujarat,9,2024-07-29,19,915018209715,GB91WPXQ7105613780431
F0006,Kashvi Hegde,South Gujarat,22,2022-10-23,22,917145394485,GB04MOUV0686050162888
F0007,Rudra Borah,North Gujarat,40,2023-08-03,14,2088296442,GB10CPGB1848215765705
F0008,Mason Butala,Kutch,20,2022-06-03,20,437341220,GB26CQGI3860016957640
F0009,Rudra Bedi,North Gujarat,24,2023-07-14,5,911667175799,GB72EFDV3168262074444
F0010,Urishilla Sangha,Kutch,12,2024-04-08,3,914982614266,GB90HKGW1157107117867
F0011,Jack Memon,Saurashtra,12,2023-03-06,3,916191939951,GB30RXZS6933841944133
F0012,Gayathri Khatri,North Gujarat,25,2022-12-29,21,916580450927,GB84KUKG9286835959663
F0013,Rohan Behl,North Gujarat,37,2023-12-03,13,6614932223,GB72KUSA6036980610973
F0014,Yashawini Trivedi,North Gujarat,41,2021-06-13,7,5491243776,GB34KRDK4191459074113
F0015,Dominic Lad,South Gujarat,25,2023-02-21,14,916413084212,GB87LGLY1083099471816
F0016,Watika Mangat,South Gujarat,4,2024-06-27,5,6715021773,GB59SLNE1465812522626
F0017,Lakshit Raja,Kutch,23,2023-04-11,3,4267404775,GB65NQCY3528515795620
F0018,Gaurika Sharma,Kutch,3,2024-09-05,3,1140708610,GB66WDRN1123523629152
F0019,Lipika Sahota,North Gujarat,25,2024-04-28,10,8690574286,GB90FICR9664239704735
F0020,Brijesh Wali,Kutch,45,2024-11-18,12,911458389116,GB97KJJR3873029748916
F0021,Isha Bhargava,South Gujarat,31,2023-08-04,13,7974006246,GB51XSOO2149340513167
F0022,Dominic Puri,Kutch,39,2024-10-24,14,9394446433,GB63DCBM8371759465186
F0023,Nicholas Ganesan,Saurashtra,3,2024-10-05,15,5864826099,GB50NLIW9423144825326
F0024,Gaurav Sahni,South Gujarat,22,2024-03-11,14,3827412988,GB79RFKE5958586788721
F0025,Indali Khare,Saurashtra,34,2023-09-02,16,3665089896,GB06SRPT7319476482841
F0026,Triveni Verma,Kutch,13,2021-11-24,4,2671951924,GB46ELMA9180617900247
F0027,Hardik Balay,Central Gujarat,23,2022-10-24,21,6588168425,GB28FIKF3342104588741
F0028,Victor Brahmbhatt,North Gujarat,45,2024-03-30,20,3834980327,GB55YTIW9114394451462
F0029,Thomas Babu,South Gujarat,26,2020-12-17,5,918159297619,GB55OUVR4911618994077
F0030,Inaya Badami,Saurashtra,28,2021-01-21,19,4383796924,GB28XEAI9660207973284
F0031,Garima Konda,Central Gujarat,43,2024-02-11,10,3586193736,GB90VVIZ8648199990821
F0032,Bimala Dhillon,Central Gujarat,29,2023-05-30,12,6369898728,GB23HHSW6146450967378
F0033,Vrishti Talwar,South Gujarat,17,2021-02-14,4,4812557110,GB96DHQT2979711140645
F0034,Keya Mani,South Gujarat,16,2021-03-01,21,5106956739,GB40KUEE8482587743848
F0035,Saanvi Goyal,Central Gujarat,48,2022-12-02,11,319903141,GB79BZJY1314756466954
F0036,Aarnav Sha,North Gujarat,45,2022-06-23,9,3979231284,GB91XSHI4338222995870
F0037,Diya Magar,North Gujarat,4,2024-03-24,6,912223813884,GB40CLSG6278959430064
F0038,Atharv Rana,Saurashtra,38,2023-03-25,23,8882683435,GB48FCAE8729746814509
F0039,Mahika Char,North Gujarat,8,2022-07-19,20,4576872901,GB37BQPR0567391700341
F0040,Janya Chokshi,Central Gujarat,22,2023-07-31,15,918034015873,GB51WRYX2941448942088
F0041,Bhavna Wagle,Central Gujarat,10,2023-07-02,13,916390588182,GB83DUSF1908714900749
F0042,Manbir Sawhney,Kutch,40,2022-04-07,6,1191169910,GB36JUKN4631763694920
F0043,Urvashi Setty,Central Gujarat,19,2022-12-27,23,102059695,GB76ZECG0398265239426
F0044,Jasmit Nagar,North Gujarat,5,2024-08-06,6,6973717270,GB59BBKT1615962347603
F0045,Bhavani Chaudhary,Saurashtra,26,2021-11-19,12,2169204358,GB61RXRJ7273547620736
F0046,Pahal Anand,Kutch,15,2023-10-19,7,2209614623,GB25SDFH5347956310090
F0047,Isaac Kapoor,North Gujarat,10,2024-05-02,11,919938653558,GB03TDAV5023242337965
F0048,Aayush Barman,Saurashtra,27,2022-01-27,5,851406653,GB73BLSX4617462523763
F0049,Ladli Chakraborty,North Gujarat,3,2022-05-07,19,912542629419,GB93VQVF4065897580180
F0050,Ekani Raju,Kutch,21,2022-05-01,5,7421436272,GB09JRKN8952676202628
F0051,Samarth Sharaf,Central Gujarat,29,2023-05-01,18,2854277296,GB18IDYA6159803080713
F0052,Kiaan Murthy,Kutch,48,2021-10-16,6,4830508574,GB44CSXS6833963932300
F0053,Vrinda Zachariah,Central Gujarat,8,2023-06-28,20,913175964545,GB91KPYD6603054350450
F0054,Ayush Sibal,Kutch,45,2023-01-17,19,8824274157,GB78FWFW1709978890997
F0055,Aadi Sundaram,South Gujarat,9,2023-01-24,9,4941542230,GB50NPQW4419743272326
F0056,Anvi Sinha,North Gujarat,48,2022-12-17,7,7809393813,GB81ZHNY6971547457829
F0057,Nidhi Deep,North Gujarat,36,2022-03-19,14,918112016631,GB89IMJG0907357927948
F0058,Zansi Gala,South Gujarat,15,2021-12-19,19,8621398343,GB71YGVQ3993978061469
F0059,Rudra Pau,Central Gujarat,18,2022-12-22,15,402939185,GB62PPMH9151505909345
F0060,Yauvani Gulati,North Gujarat,37,2022-11-19,5,3688710215,GB11KENN9504174332065
F0061,Charan Dâ€™Alia,South Gujarat,41,2023-05-17,11,911036128266,GB55IMDU5318659711322
F0062,Mahika Bajaj,North Gujarat,5,2022-03-10,19,2601247844,GB44HDLI5484969209193
F0063,Frederick Arya,Saurashtra,3,2022-08-14,19,915657512468,GB14FLID0640208876812
F0064,Vincent Sidhu,Central Gujarat,7,2022-07-10,22,9032659917,GB20UBOH9260156069947
F0065,Elijah Palla,Saurashtra,43,2021-12-12,18,6604059967,GB13STFO7117707659171
F0066,Varsha Kant,Central Gujarat,5,2021-09-03,24,9846669046,GB07XJMP1097803204836
F0067,Rushil Bains,South Gujarat,30,2021-01-08,15,1247673295,GB81FPFA4774374999577
F0068,Kashish Mallick,Central Gujarat,19,2022-07-27,21,8307515807,GB67KPTY1145772378947
F0069,Ekbal Dhar,Central Gujarat,27,2022-09-21,19,4067906557,GB88XCVM9841476357234
F0070,Priya Mody,South Gujarat,45,2021-05-28,6,7956179354,GB28URSM2096230035523
F0071,Charles Kant,Central Gujarat,35,2023-06-10,14,8890581990,GB70ELAZ6410262232498
F0072,Rohan Kalita,North Gujarat,11,2023-06-27,11,3400575190,GB97NLWS4437195765659
F0073,Ronith Dani,Kutch,37,2021-06-11,21,3635572100,GB85TRMV8715162761360
F0074,Vrinda Deep,South Gujarat,15,2023-07-08,14,5824494914,GB25EHHV2790426705325
F0075,Advay Mani,Kutch,32,2023-09-19,11,918166488263,GB68HAIL3210792968314
F0076,Bishakha Grewal,South Gujarat,49,2022-06-22,9,7594732991,GB96SSGA5300917635418
F0077,Dalbir Koshy,South Gujarat,16,2023-12-06,16,912356861346,GB93RHRU7598863728479
F0078,Kavya Bhandari,Saurashtra,9,2022-12-17,22,497377013,GB35NOMA2060949452645
F0079,Nirja Shanker,Saurashtra,15,2021-07-21,21,914057786318,GB08FKKB7337230348294
F0080,Fitan Sundaram,Central Gujarat,24,2021-08-08,17,1670871874,GB56NDVS6655231025621
F0081,Watika Ray,Kutch,41,2022-03-05,18,914270739230,GB66CONI5388536887391
F0082,Jagrati Bhasin,South Gujarat,22,2024-01-07,23,917511289369,GB22OZZW6810862497630
F0083,Viraj Bedi,Central Gujarat,17,2023-06-05,7,917033967730,GB31EKLA4866876314626
F0084,Yatan Ahluwalia,North Gujarat,46,2022-06-22,5,1292566213,GB48DVAR5502911910353
F0085,Widisha Gala,South Gujarat,19,2024-05-06,14,914684030786,GB19BJGO5181212713656
F0086,Jeevika Sheth,North Gujarat,48,2022-04-30,22,3862655254,GB65JRMX5586723949808
F0087,Bishakha Ghosh,Central Gujarat,25,2022-10-17,23,5783597447,GB23FTAT0498690898156
F0088,Lavanya Khalsa,Saurashtra,27,2021-04-05,6,1959789960,GB24CBCL0092806735266
F0089,Zarna Raju,Central Gujarat,26,2023-03-15,23,912450805134,GB66IYGF4736061935648
F0090,Yashasvi Parmer,North Gujarat,46,2024-03-29,18,9383143964,GB55DEAB7283995583578
F0091,Wishi Bedi,South Gujarat,42,2023-03-09,9,4167679736,GB81RETM1066285130005
F0092,Vaishnavi Patil,Kutch,30,2023-10-01,15,6123967805,GB36OHXL8966229706526
F0093,Dhruv Bhakta,Central Gujarat,16,2023-10-05,23,8281225360,GB33QVRQ9437341958965
F0094,Yadavi Brahmbhatt,South Gujarat,46,2024-08-05,12,1763213360,GB96JRLG5065339652876
F0095,Brijesh Bala,Saurashtra,2,2023-01-20,9,681851832,GB75LXWE7897693697710
F0096,Jagdish Chandran,Saurashtra,26,2024-02-26,16,5736012822,GB71GZOF6607791664660
F0097,Anmol Guha,Saurashtra,8,2021-02-12,7,6248726563,GB49XHIP3527797140211
F0098,Ekta Walla,South Gujarat,10,2021-02-06,5,3160967278,GB64DTEM5172286717456
F0099,Tripti Dara,Central Gujarat,25,2023-04-21,13,1642398021,GB21KOKH3170139135393
F0100,Kashvi Verma,South Gujarat,2,2023-10-09,13,631898569,GB52CYHP8241896577006
F0101,Bishakha Baral,South Gujarat,45,2021-09-07,20,5211780239,GB84QDIX2313293702508
F0102,Bachittar Bawa,Kutch,9,2024-10-04,17,918708459264,GB88ASBH6951772825008
F0103,Frederick Deol,Kutch,25,2024-09-26,14,6963056554,GB47YVWL5894481009370
F0104,Sarthak Chana,Central Gujarat,12,2021-03-18,11,5864851510,GB19OXCB7464077863274
F0105,Bhavani Bora,Kutch,18,2021-09-07,12,919639178231,GB95YBRK1993899333390
F0106,Wakeeta Nadkarni,Saurashtra,9,2024-02-19,14,1879904508,GB39DAIT5851013460710
F0107,Arunima Wagle,Kutch,36,2022-03-29,19,7873665447,GB70IJOE8469438261708
F0108,Gavin Ram,Saurashtra,36,2021-03-19,8,714473982,GB68VRWU6366840698597
F0109,Gauri Mitra,Central Gujarat,34,2022-10-19,9,918841016190,GB40LYXE4388901402122
F0110,Siya Chand,South Gujarat,6,2021-10-19,16,913902918444,GB77LTNI9861998713855
F0111,Oliver Nagarajan,South Gujarat,43,2024-08-05,15,6958282221,GB07GIVW6467547485661
F0112,Ronith Mane,Kutch,40,2022-08-13,10,914716132740,GB27CGLA3445945682599
F0113,Girindra Menon,Saurashtra,42,2021-09-05,12,4289489719,GB13MWRA3522175950720
F0114,Chasmum Sunder,North Gujarat,29,2023-04-03,11,3746968370,GB06FVYU2339321506033
F0115,Mohini Sarna,North Gujarat,8,2022-06-24,20,911827421000,GB41OXRP3810221187329
F0116,Ekta Ahuja,North Gujarat,10,2021-07-10,4,3781611145,GB91YUKC5323131477662
F0117,Mohammed Nagarajan,South Gujarat,9,2020-12-11,7,7002896764,GB49VUKC1077069021070
F0118,Yashasvi Kannan,South Gujarat,13,2024-10-28,7,7191619099,GB46GXFL8606830278031
F0119,Charles Mukhopadhyay,Saurashtra,35,2023-11-17,8,287918829,GB75HGHW1975685865085
F0120,Madhavi Tata,Kutch,34,2020-12-10,21,3612944792,GB12SHUK9257852244795
F0121,Wakeeta Behl,North Gujarat,49,2023-11-07,10,6624881742,GB88QXJQ2030301230507
F0122,Gautam Mittal,Saurashtra,24,2022-03-20,18,9044691334,GB27EHVY0600749429980
F0123,Ranbir Tara,Saurashtra,25,2024-08-10,15,915114651697,GB22UPLO0581167805354
F0124,Zaitra Shenoy,Kutch,38,2022-10-07,3,5065269159,GB59PBYJ5072818221789
F0125,Yatan Dave,Saurashtra,36,2021-09-10,24,917271562093,GB27LQNJ2741307872480
F0126,Viraj Sachar,Kutch,45,2021-11-19,22,3146290020,GB39JHUO1521688105133
F0127,Chandran Dey,Central Gujarat,41,2024-02-28,19,2141957126,GB53SCLN0340506068247
F0128,Siddharth Dhar,Kutch,23,2024-03-14,9,918137572108,GB61UQMW5002329805931
F0129,Andrew Ram,North Gujarat,28,2022-04-20,15,910113105345,GB23TYYH5307361393490
F0130,Nathan Dara,North Gujarat,36,2021-11-24,6,1201194453,GB18ZQNM3360733630679
F0131,Dhriti Singhal,Kutch,2,2024-05-08,6,916065202083,GB90PJOX9826471208968
F0132,Amruta Butala,Central Gujarat,36,2022-04-05,8,912476872198,GB60PWMC9236844962137
F0133,Bachittar Dutta,Central Gujarat,38,2023-03-30,21,918815721368,GB23LLKV5425646822631
F0134,Charvi Chauhan,North Gujarat,48,2024-07-27,14,916218986818,GB12BWGN6494951310954
F0135,Laksh Bandi,Central Gujarat,15,2022-05-15,24,3113430636,GB78SRBB5411203039521
F0136,Upasna Rege,Saurashtra,4,2020-12-18,9,5610066233,GB39NZUW0449626022491
F0137,Darpan Kakar,South Gujarat,2,2024-11-28,12,3110830419,GB60KWMJ1121101293132
F0138,Aachal Kannan,Saurashtra,6,2024-10-03,21,914434073149,GB61AQMH4061432581084
F0139,Neel Dugar,North Gujarat,27,2021-11-26,9,8176805819,GB87YGIZ6025320910566
F0140,Ekaraj Pal,Central Gujarat,15,2024-07-05,5,8764450158,GB42AQEU0239936688910
F0141,Jagvi Ravel,Kutch,40,2022-04-27,15,9672544956,GB22BITI2794072615626
F0142,Yoshita Dutta,South Gujarat,28,2024-02-04,15,910659043866,GB81HGNF4158836615555
F0143,Luke Chaudry,Kutch,10,2022-05-13,20,914889951543,GB21JGOY1973317520274
F0144,Chakradev Pai,North Gujarat,16,2021-10-11,22,5340324986,GB50WVEM3879697485267
F0145,Manthan Gokhale,Central Gujarat,16,2023-08-18,10,8319276231,GB56APVF4248846496274
F0146,Chaitanya Mangat,Kutch,27,2023-09-18,11,1920332124,GB08NSUR4960011529537
F0147,Chavvi Bajwa,Kutch,43,2022-10-02,9,474057874,GB18DLTS6954339137533
F0148,Idika Parikh,South Gujarat,14,2023-08-28,3,919589655968,GB25PYGI0150268435881
F0149,Quincy Gill,South Gujarat,33,2023-02-13,5,3253909153,GB28ZTSI1461582740379
F0150,Naveen Gole,Central Gujarat,40,2022-06-13,15,7804345661,GB04KJPO1827898583551
F0151,Madhavi Misra,South Gujarat,33,2022-08-17,19,915235059055,GB36FHOZ8481450406803
F0152,Triveni Goswami,Kutch,5,2023-03-25,3,3327603042,GB65HRKQ4416702919962
F0153,Onveer Ravi,Kutch,31,2022-03-05,8,916653414096,GB66CXZE0701041326360
F0154,Ati Raj,North Gujarat,38,2023-09-25,23,919116627742,GB59KZPA7940071041630
F0155,Girish Dewan,Kutch,24,2024-10-14,8,7965644922,GB25LCDH4355963669020
F0156,Harish Bajwa,Central Gujarat,40,2021-07-18,14,9940261623,GB64BFVW9310335266341
F0157,Sai Ratti,Saurashtra,46,2022-07-28,15,3997382901,GB53UJGA0137251471415
F0158,Xiti Rajan,North Gujarat,16,2024-08-08,15,913427141706,GB55XEPN1787932363063
F0159,Yagnesh Sarma,North Gujarat,44,2022-10-14,17,6566215623,GB60CUOO8747916625609
F0160,Veer Dhingra,Central Gujarat,30,2021-04-14,23,7840550538,GB25OUPJ5311136680723
F0161,Isaiah Dara,Central Gujarat,37,2024-09-20,18,1611220632,GB45VADH9204671225822
F0162,Finn Wali,South Gujarat,14,2023-05-05,24,6978461837,GB86ZLEN8282490310750
F0163,Girish Wali,North Gujarat,33,2024-02-12,23,918198173435,GB42QUEG8481431851231
F0164,Nitara Dhawan,South Gujarat,8,2021-04-17,13,910878032685,GB07MGQO3705007285814
F0165,Meghana Grewal,Kutch,23,2020-12-17,7,8799301023,GB84JPSH0682543380707
F0166,Triveni Chakraborty,North Gujarat,29,2023-04-20,6,5390641207,GB19RAXX3577471292441
F0167,Gopal Dhaliwal,North Gujarat,3,2021-09-02,5,3499307580,GB41YFMT5719187642776
F0168,Lohit Sampath,Saurashtra,43,2021-07-19,21,3483454682,GB65CLQL5108504820127
F0169,Nirja Mangal,North Gujarat,46,2023-05-19,22,552549513,GB57XHMW6714960449070
F0170,Ganga Hans,Kutch,7,2023-03-17,20,916276862814,GB06MYRB3081895269152
F0171,Yadavi Lad,South Gujarat,29,2022-03-31,17,1154056978,GB46QGAT8726762708794
F0172,Oni Apte,South Gujarat,29,2022-10-07,11,9612119908,GB67SXJJ9066895242929
F0173,Tarak Mistry,Saurashtra,45,2024-04-16,19,918973947698,GB91YARB1343023445638
F0174,Ekalinga Swaminathan,Kutch,45,2024-10-27,16,913869795791,GB87UFZN4722720479056
F0175,Pavani Prakash,South Gujarat,21,2022-08-20,17,915482744442,GB70XPGT3275624522077
F0176,Sarthak Mangal,Central Gujarat,31,2022-02-15,3,2098082439,GB03BJEV2961991342061
F0177,Lakshmi Bora,Kutch,12,2022-08-30,23,8104057437,GB79SOJF5188228398699
F0178,Viraj Rajagopalan,Kutch,29,2024-10-25,24,5617381312,GB36MXEM1381243906783
F0179,Nihal Brahmbhatt,Saurashtra,26,2023-09-06,24,9969822161,GB27UIRJ6349877380630
F0180,Hredhaan Rattan,South Gujarat,40,2023-10-09,5,9104294726,GB26EYUR7856982181551
F0181,Orinder Shanker,Kutch,34,2020-12-19,18,2266377557,GB81UFET0100151075768
F0182,Waida Manne,South Gujarat,2,2022-09-14,13,2930389652,GB28IPRH9945312145240
F0183,Brijesh Sem,Central Gujarat,28,2022-05-29,14,5212695731,GB90JBJB2867207489553
F0184,Anay Gade,Saurashtra,14,2022-12-24,12,1576599930,GB75LADY5584363449325
F0185,Yuvraj Khurana,Central Gujarat,42,2024-08-16,18,918951967325,GB19QBBD5214166047728
F0186,Robert Bail,Saurashtra,4,2021-08-11,10,910164160742,GB49FJNU7700565808750
F0187,Balveer Anand,Kutch,40,2022-05-21,8,7459188182,GB35TAJL5692829175269
F0188,Yasti Sama,Saurashtra,7,2023-01-09,14,5762123251,GB02URDX6571797163243
F0189,Lekha Naidu,North Gujarat,9,2022-12-31,23,911388829069,GB31ILXK2506430501657
F0190,Pooja Saha,South Gujarat,28,2024-07-24,10,919739724053,GB15HDFD0421539326203
F0191,Saanvi Srinivas,South Gujarat,10,2022-05-14,6,5616839941,GB37HIZR1006523797324
F0192,Aayush Varma,North Gujarat,38,2021-06-18,10,9622040301,GB76UGTM5637815216421
F0193,Hritik Gulati,Central Gujarat,34,2023-07-19,20,2578139617,GB64RISC5538574859799
F0194,Aradhana Kohli,North Gujarat,43,2021-10-06,7,1603806623,GB76DVSW8056225545479
F0195,Ethan Lal,Kutch,45,2023-07-24,11,6446739385,GB70SEQE7847413964207
F0196,Radhika Natarajan,Kutch,25,2023-06-18,6,9942325374,GB03SHFZ3545900858523
F0197,Pooja Gara,South Gujarat,16,2024-03-27,24,8574276621,GB51RCVX2276740188782
F0198,Saumya Dugar,Kutch,33,2022-10-25,19,915148173192,GB78JZXE7424301176670
F0199,Jonathan Wali,South Gujarat,33,2024-09-01,11,5383290490,GB30MQTF6250479220763
F0200,Bakhshi Pandey,North Gujarat,25,2023-08-15,3,2820118945,GB95YNCF5745089844809
F0201,Arjun Merchant,North Gujarat,42,2022-10-15,23,669360865,GB13ELJX8151128200950
F0202,Varsha Sanghvi,North Gujarat,13,2024-06-15,22,911426748802,GB12OPFB5706122611435
F0203,Ria Kala,South Gujarat,40,2022-03-04,15,772873403,GB11OQSC9807671336569
F0204,Omisha Kumer,North Gujarat,3,2023-04-14,18,7345322789,GB21LKLP3692803897803
F0205,Mahika Chakrabarti,North Gujarat,4,2021-08-21,15,6788065094,GB34TQTG5802800456333
F0206,Krisha Date,Central Gujarat,38,2024-08-10,16,2726973032,GB34HSAG6702236317105
F0207,Qarin Narayanan,North Gujarat,18,2022-08-13,5,481300823,GB65QXFV4787852185849
F0208,Joshua Raghavan,Kutch,3,2022-08-19,8,66935581,GB09HRNV7669252838798
F0209,Yutika Sengupta,South Gujarat,3,2022-07-31,20,8052718119,GB15JOFN2022997656404
F0210,Mitesh Keer,Central Gujarat,29,2021-09-12,21,3450995639,GB92XJNP1441734955751
F0211,Arya Saraf,Saurashtra,24,2024-07-04,7,918937354622,GB34LWPS5076244393214
F0212,Garima Sehgal,South Gujarat,38,2023-07-23,17,1566772158,GB98BLQM1849601440394
F0213,Anirudh Kapur,Kutch,33,2023-06-13,4,911501318066,GB38ONYQ1294574961458
F0214,Gayathri Sagar,South Gujarat,34,2022-07-12,12,918288799250,GB92SSJI9450815781584
F0215,Chaitanya Dass,Kutch,2,2021-11-25,20,6420409660,GB33PYJZ5895743524982
F0216,Ekaraj Banerjee,Kutch,20,2024-07-27,15,912851691410,GB02HXVR5091268823475
F0217,Irya Venkatesh,Saurashtra,3,2024-07-01,7,8727750372,GB74RGVP1158339177423
F0218,Wahab Mahajan,South Gujarat,45,2022-03-26,3,913303182639,GB05ALLR1983246478692
F0219,Ladli Edwin,Saurashtra,27,2023-07-12,24,918003845733,GB09BKXG5561115489452
F0220,Gabriel Barman,Saurashtra,33,2023-01-07,3,3897573580,GB32KGXJ3321127899478
F0221,Vasudha Deep,South Gujarat,7,2023-02-27,20,913854918609,GB97WLLR8607048437794
F0222,Yadavi Murthy,North Gujarat,33,2024-02-19,17,8296776506,GB89MNGM0728345950205
F0223,Ishita Dugar,North Gujarat,5,2021-09-19,19,7131914455,GB14YHTT0903748609787
F0224,Manya Parmer,Saurashtra,12,2023-05-08,13,911316419872,GB09YNJK3378697236267
F0225,Hemani Kalita,Central Gujarat,18,2022-07-19,23,2493515995,GB85CCRL4086756015166
F0226,Ekavir Swamy,Saurashtra,39,2023-12-27,24,916029676745,GB74TLFT8204771483508
F0227,Nimrat Mall,Saurashtra,25,2024-09-22,19,916882029491,GB64FNFR2111859410858
F0228,Veda Sachar,Saurashtra,6,2022-02-13,15,3225503156,GB19RKVH9549440749392
F0229,Warda Shere,North Gujarat,35,2022-09-29,3,7270104784,GB56POBP7273307171636
F0230,Daksh Sami,North Gujarat,7,2022-09-28,4,3526150373,GB41ZGAL8834246632005
F0231,Pallavi Sant,North Gujarat,23,2022-12-16,11,911943207972,GB79ALIA7216840016943
F0232,Nakul Chaudry,Saurashtra,12,2024-10-01,5,912320736451,GB43KRDR2571260492520
F0233,Vedika Chaudhry,Central Gujarat,49,2022-02-03,3,5523237813,GB68QEVG7302697078119
F0234,Yashasvi Oak,North Gujarat,17,2023-06-04,23,6710968805,GB20LEZN8520920272686
F0235,Oni Dayal,South Gujarat,34,2023-09-17,18,8220033835,GB75KHYT1960504802258
F0236,Lila Gopal,South Gujarat,10,2021-03-28,8,3302173327,GB29WDIW5316245603866
F0237,Fitan Dada,South Gujarat,7,2023-11-09,19,6198468342,GB78MGAB2890879399421
F0238,Amara Sastry,Kutch,17,2022-08-23,7,7196034215,GB44LIUS9437460367760
F0239,Farhan Natt,Saurashtra,30,2023-07-29,7,910545778822,GB21OPOW7533452736435
F0240,Aarav Ganesh,South Gujarat,4,2024-07-09,8,5675217632,GB28WAAO9632565107072
F0241,Praneel Ramaswamy,Saurashtra,21,2023-10-23,5,912421898348,GB92HULJ7608481489486
F0242,Ishwar Hans,South Gujarat,37,2021-01-13,23,913746613452,GB23SBRM7559922464799
F0243,Chakradhar Mishra,Central Gujarat,20,2022-12-23,7,913832285749,GB87YNOY9693403941202
F0244,Gabriel Gour,Saurashtra,27,2023-06-17,23,919506776436,GB72MZWY6815474045358
F0245,Darika Bansal,South Gujarat,4,2023-05-05,7,913002735348,GB08ZOVQ5835548289363
F0246,Ikshita Zachariah,North Gujarat,20,2022-04-24,12,9363903616,GB97AQDV4465953971092
F0247,Ridhi Peri,Saurashtra,21,2021-08-21,12,915374792151,GB95TWUC8121561208514
F0248,Daksha Biswas,Kutch,33,2021-03-14,21,7905511014,GB51PTFC3042444077645
F0249,Dipta Sehgal,North Gujarat,8,2024-10-16,19,7682978602,GB78IFNJ7744358599963
F0250,Chanakya Chatterjee,North Gujarat,42,2021-09-10,23,169771654,GB18WZIW5386954663088
F0251,Jeremiah Mukherjee,Kutch,34,2023-08-20,16,3538557179,GB63YMJN4809605280201
F0252,Mitesh Gokhale,North Gujarat,41,2022-05-11,11,913169300911,GB37YECM8035029579730
F0253,Abha Goel,North Gujarat,40,2022-08-01,16,3529087052,GB96TCLY0612210888595
F0254,Samesh Rege,South Gujarat,19,2022-11-12,3,8083479701,GB77NTPJ7920501600584
F0255,Keya Zacharia,South Gujarat,41,2022-09-29,21,9319089571,GB36KNAQ2341898137543
F0256,Hitesh Kalita,Saurashtra,2,2022-06-16,15,4156213334,GB63BTZI8852931625789
F0257,Onkar Chaudhari,Saurashtra,12,2023-11-16,15,4865868158,GB05GUWP3960263390900
F0258,Jackson Dani,Saurashtra,29,2024-05-12,6,3073433258,GB10XNDN9419562477353
F0259,Suhani Magar,South Gujarat,26,2022-06-01,3,7440641280,GB07FPUC5836418660462
F0260,Fariq Sha,Saurashtra,24,2022-08-05,19,2509928325,GB78UUEL8089146218168
F0261,Panini Andra,North Gujarat,32,2022-10-28,10,1852318342,GB85RHNP8312201374343
F0262,Vasatika Kannan,South Gujarat,31,2021-07-18,4,912074453862,GB49MJXI7036531488863
F0263,Krishna Dora,Saurashtra,43,2021-07-21,10,915193654139,GB24NMEY9119556604443
F0264,Agastya Pandit,North Gujarat,36,2023-03-31,9,1006660556,GB14DDPA7460463854522
F0265,Isaiah Palan,Saurashtra,8,2022-01-22,4,912747864141,GB77LTWM0052713833334
F0266,Nisha Bala,Central Gujarat,17,2023-11-22,24,915814954490,GB18XDDG7096383010937
F0267,Vihaan Kadakia,Saurashtra,27,2021-02-25,24,2701792624,GB54ANGP6699978868726
F0268,Farhan Lalla,Central Gujarat,49,2020-12-22,5,9276102796,GB20JBKG4787850463245
F0269,Harish Madan,Saurashtra,3,2022-03-24,20,3058434121,GB77NVCW4431560414127
F0270,Kamala Bahri,Kutch,2,2021-08-11,14,2732351406,GB23OAYB0088058595142
F0271,Noah De,Saurashtra,49,2024-05-09,3,321180955,GB05BWLQ5779261215040
F0272,Alexander Devan,South Gujarat,13,2024-07-23,24,911758198438,GB89TATK5368599713045
F0273,Maanas Samra,South Gujarat,6,2021-01-31,14,917679620115,GB85AVTN9604993319412
F0274,George Prashad,Central Gujarat,38,2023-03-12,7,2313941292,GB03FVII1664738649919
F0275,Aadi Divan,South Gujarat,33,2024-06-24,19,2986981861,GB21CZCR1634594446860
F0276,Rayaan Uppal,North Gujarat,10,2023-03-06,18,8524726805,GB09QLPO0561791986952
F0277,Champak Kannan,Kutch,42,2024-05-18,17,108251452,GB14UTZV2980304387315
F0278,Advay Bala,Kutch,36,2024-01-24,17,2105457880,GB58MVAA7248791220644
F0279,Tristan Borah,North Gujarat,20,2021-10-16,7,5229720279,GB41IPNV2069216093506
F0280,Maanas Ahuja,Central Gujarat,49,2022-10-19,23,2957365612,GB49IQNU5839153485519
F0281,Bhavani Garg,North Gujarat,17,2021-03-17,16,1057525369,GB76WZUH9822597358651
F0282,Krishna Gokhale,North Gujarat,4,2023-02-27,4,912818673505,GB39VAXM4758018336617
F0283,Qushi Dixit,Kutch,21,2021-08-19,13,912811134197,GB09NMAC5689986617695
F0284,Teerth Behl,Saurashtra,25,2022-04-04,21,913351268930,GB64LCSA3816768524693
F0285,Aradhana Butala,Kutch,34,2023-10-31,9,5446028075,GB43KVLD6473041484579
F0286,Zayan Aurora,Kutch,25,2023-07-23,8,914953760870,GB30MSUY0046184275813
F0287,Ekta Kothari,South Gujarat,12,2022-03-21,4,8830934814,GB02FMNT8546817906528
F0288,Tarak Kumar,North Gujarat,9,2023-05-04,8,913150632568,GB46GHDA9787160069232
F0289,Devika Borah,Kutch,37,2021-05-18,20,918650474031,GB56JEKR0633048794958
F0290,Dipta Kurian,North Gujarat,39,2024-07-03,4,8536184749,GB33RFZG0745674142217
F0291,Devansh Manda,South Gujarat,41,2022-02-12,20,2900783062,GB82RYMO3699116917941
F0292,Ridhi Muni,North Gujarat,21,2024-10-24,17,919788258340,GB38IBCZ2755147795037
F0293,Atharv Rai,Kutch,36,2021-12-03,21,2278365182,GB09FRFY6215473293826
F0294,Qabil Mangal,North Gujarat,49,2022-07-18,4,910414045605,GB21AAEF5302556575672
F0295,Neel Munshi,South Gujarat,26,2024-04-04,22,1845417761,GB55OQAV9344355133887
F0296,Chavvi Goda,Saurashtra,36,2024-01-29,8,918407030089,GB22MLOR5504170934431
F0297,Bhavini Atwal,North Gujarat,26,2021-12-13,3,7615155211,GB29ETPO1650032146332
F0298,Darpan Kapoor,Kutch,30,2023-09-01,17,3914328535,GB49VWKJ4132285394635
F0299,Ekantika Mohanty,South Gujarat,19,2021-08-09,12,2416984312,GB28XCMC3486115953965
F0300,Zehaan Naidu,Kutch,47,2023-04-15,21,6987667832,GB76FKOE4499020322131
F0301,Lucky Grover,Kutch,19,2024-09-16,19,6836094485,GB86YQZF8776297305151
F0302,Robert Panchal,North Gujarat,3,2024-10-05,7,918714202183,GB24DTQL6540912083489
F0303,Wahab Luthra,Kutch,36,2023-06-18,6,1938134877,GB17IVPH6159699449330
F0304,Vasatika Bora,North Gujarat,17,2023-08-04,12,914379760637,GB56GYLL4814763459981
F0305,Geetika Hari,Saurashtra,42,2023-06-26,19,7999934607,GB37JLFW1856239336195
F0306,Azad Raja,Kutch,37,2022-02-25,12,473476334,GB28AFFU7424451109431
F0307,Indali Sharaf,Kutch,34,2022-04-06,19,913119248077,GB82CBNT0392173212333
F0308,Faqid Brar,Kutch,5,2023-08-22,22,919352881408,GB98GJSL6821136334742
F0309,Vamakshi Dixit,Central Gujarat,34,2022-12-04,7,912669562725,GB39WOJF2994550084916
F0310,Jatin Malhotra,Central Gujarat,15,2021-12-11,4,910727281771,GB88RSKW9858703281496
F0311,Mohammed Bir,South Gujarat,22,2022-01-31,8,3476525927,GB96IRCS9650573659593
F0312,Rudra Chatterjee,Central Gujarat,49,2023-09-03,23,918942995659,GB78YOOY7688881631773
F0313,Ojas Keer,South Gujarat,21,2022-03-14,4,1229988337,GB78KRRV2366719967091
F0314,Elijah Dewan,Central Gujarat,9,2022-05-02,15,155320797,GB29IZRZ6581974787378
F0315,Nitesh Solanki,Saurashtra,8,2021-02-23,13,919246051103,GB14ISLE2211007024422
F0316,Rishi Tandon,South Gujarat,4,2023-06-26,13,918277673105,GB47XXBG8321565801164
F0317,Ekbal Batta,Central Gujarat,18,2023-02-17,18,4455251556,GB24IEPT1777762826071
F0318,Jagdish Raghavan,Saurashtra,34,2022-11-07,13,7968344833,GB58PVZD4144119405474
F0319,Aayush Walia,Central Gujarat,49,2022-03-23,21,8929763596,GB68ESAF7911619504508
F0320,Gaurang Jha,North Gujarat,13,2021-02-16,17,3687925513,GB49XKTG2892930145514
F0321,Yatin Sachdeva,North Gujarat,23,2024-02-18,18,916475378968,GB50PYIM3244187848700
F0322,Chandani Chad,Saurashtra,23,2021-08-21,13,9523852425,GB42XSFO4437097342011
F0323,Quincy Modi,Kutch,47,2024-06-13,24,2856442527,GB41PNAM1309090476408
F0324,Benjamin Dey,Kutch,31,2023-05-20,18,1597198906,GB58PZTU8448461808875
F0325,Abhimanyu Naidu,North Gujarat,39,2021-10-19,10,2320175597,GB15GEFF6939130296197
F0326,Kalpit Brahmbhatt,North Gujarat,39,2021-05-27,6,5707003231,GB16NISD5372094294604
F0327,Vritti Borde,Kutch,46,2024-11-07,10,918403079366,GB50QEOC9068138574157
F0328,Ranveer Purohit,South Gujarat,9,2022-05-13,6,4966722443,GB10LKQL2978954241072
F0329,Meghana Dave,Kutch,28,2021-04-01,5,5074409585,GB31JPCN9133657228455
F0330,Gautam Kari,Central Gujarat,28,2023-11-13,5,911141382043,GB74NRYZ3021195885865
F0331,Ira Kaul,South Gujarat,35,2022-11-26,20,916643043562,GB59PSCD1232936032116
F0332,Daksha Bains,Central Gujarat,22,2021-04-09,21,6034782020,GB67JHJC6391614488220
F0333,Yuvraj Vohra,North Gujarat,31,2024-05-23,21,914834071758,GB19NNEL1319531360345
F0334,Henry Majumdar,South Gujarat,34,2022-09-12,23,9583811929,GB33ADIU9028912367152
F0335,Ria Chhabra,Central Gujarat,29,2023-04-16,7,917207339164,GB60DDPO5177766225786
F0336,Baljiwan Balay,Central Gujarat,48,2024-10-02,20,8407457054,GB51DDMY5634980767799
F0337,Jhalak Ben,South Gujarat,34,2021-08-20,12,4706049868,GB68AQLI0523197307403
F0338,Gagan Ahluwalia,Saurashtra,6,2024-10-13,24,7968444172,GB35HJHD6877929553525
F0339,Daksh Kibe,Kutch,49,2022-07-21,23,6615813434,GB86OQRP2930616717715
F0340,Falguni Thaman,Central Gujarat,20,2023-02-28,8,913362905894,GB86KZPQ7888119021685
F0341,Adweta Desai,Kutch,5,2023-05-17,3,7768463736,GB03YCKG0787839937697
F0342,Anita Bhattacharyya,Kutch,36,2023-07-09,7,9815628343,GB70XYQI4982368365952
F0343,Chaitanya Krishnamurthy,North Gujarat,18,2024-08-01,11,9037240500,GB60NIAW7335176414725
F0344,Bhavani Khalsa,Kutch,45,2023-02-27,14,912934224912,GB05GVVY5911103998543
F0345,Gautam Yadav,Central Gujarat,29,2022-07-23,16,6478988315,GB60FIKN5581071974918
F0346,Samuel Zacharia,North Gujarat,31,2020-12-31,4,601761133,GB33RZKU1405108917360
F0347,Xiti Sinha,South Gujarat,30,2024-02-14,19,913690314541,GB46LHPE1439068895153
F0348,Chakrika Dutta,Central Gujarat,47,2023-07-10,16,912061521521,GB43UAPG6603407154751
F0349,Umang Borde,North Gujarat,7,2022-09-18,15,898748281,GB82HAKM3575858945714
F0350,Anvi Jhaveri,North Gujarat,36,2022-07-22,11,5904095012,GB71HVXZ3335646617069
F0351,Brinda Sarna,Kutch,42,2021-06-13,17,918759234477,GB75SEVJ2988837199373
F0352,Azad Choudhury,South Gujarat,38,2021-05-24,24,8378762364,GB69TKHG0798888522769
F0353,Ryan Ravel,Central Gujarat,25,2024-10-02,17,453850973,GB35ODCP9475249984130
F0354,Laksh Bala,Central Gujarat,30,2021-09-10,13,412585115,GB13ULFG9664998837094
F0355,Zehaan Kulkarni,Kutch,47,2022-03-23,18,3807479354,GB62HUFX4267099025398
F0356,Gagan Seth,South Gujarat,32,2022-08-25,19,2758093319,GB70OWLR0889182285803
F0357,Udant Dhar,Central Gujarat,36,2022-09-30,6,7124888035,GB63FWNG4721056464724
F0358,Hardik Karan,South Gujarat,34,2022-03-07,3,1698129221,GB21IHGI9035169646454
F0359,Saumya Narula,Central Gujarat,22,2024-10-06,10,8904764330,GB15WCGU7167952257637
F0360,Krish Apte,Kutch,33,2020-12-21,19,4226908222,GB33MNZF0614424683031
F0361,Faras Bumb,Saurashtra,24,2023-04-29,5,8320139905,GB63BTKD3503749603896
F0362,Niharika Patla,Central Gujarat,34,2022-10-19,22,2812516806,GB02UHYN0359187199028
F0363,Warda Rege,North Gujarat,4,2023-12-28,17,8114478457,GB79DTCY0873255767293
F0364,Maanav Devan,North Gujarat,19,2023-03-05,17,6116893451,GB17FHNH7054426852580
F0365,Anusha Bail,Saurashtra,26,2024-07-24,24,917495872490,GB32NEBL8347056382199
F0366,Raagini Chokshi,Central Gujarat,43,2023-06-29,16,917487456492,GB90DRJD1580783625572
F0367,Tanish Bera,North Gujarat,32,2023-11-30,16,2293997920,GB77DHVM0974405377446
F0368,Gautami Srivastava,North Gujarat,4,2021-12-17,4,7713539846,GB49OZYZ1527510713042
F0369,Unni Sampath,Central Gujarat,41,2024-07-16,15,5816800082,GB51LXRC2465766740367
F0370,Ranveer Raja,South Gujarat,47,2023-04-10,16,919623541905,GB58TDAH2028045134225
F0371,Ikshita Samra,Central Gujarat,25,2023-01-21,21,447132663,GB91HRKT2738474151949
F0372,Yashoda Wadhwa,South Gujarat,33,2022-04-22,9,7800222323,GB32FGBB8570220389508
F0373,Saanvi Lad,Saurashtra,48,2024-01-26,5,5243832425,GB95YMCC6903164470688
F0374,Karan Bhagat,Kutch,23,2022-03-14,17,303801993,GB52YZIB2795521772727
F0375,Jatin Varghese,Saurashtra,24,2022-03-29,16,915852160649,GB49NRNN1547713616212
F0376,Patrick Dugal,Kutch,3,2023-08-03,13,9160259631,GB84RFQZ8839627476652
F0377,Brijesh Korpal,North Gujarat,28,2022-02-22,17,917226175611,GB73DYZC4677649007284
F0378,Xiti Sha,North Gujarat,43,2021-08-21,15,917962957749,GB04ISVJ0382904915547
F0379,Bhavna Sankaran,North Gujarat,3,2022-09-23,20,3367812065,GB96MUMO9735083784403
F0380,Pahal Rajagopal,South Gujarat,27,2022-08-14,8,9586064488,GB17AGII6854391672769
F0381,Darsh Palla,Kutch,18,2022-10-27,5,910858168444,GB59WEUY5899782263914
F0382,Wyatt Patla,North Gujarat,41,2022-01-12,21,6064839640,GB66POZK1748401733384
F0383,Nilima Bali,Central Gujarat,34,2024-02-17,17,916427411815,GB26LFKA1988572980097
F0384,Balendra Zacharia,Kutch,10,2021-01-18,7,8978736219,GB40PSAJ9921827626846
F0385,Kamya Mukherjee,Kutch,44,2023-10-02,12,3776201159,GB26JMLB7613687835987
F0386,Ekta Vora,South Gujarat,49,2024-04-18,9,919894166198,GB38VTPB4684086928818
F0387,George Krishna,Saurashtra,40,2024-05-06,19,8305593751,GB85GIBL7636985862199
F0388,Mekhala Trivedi,South Gujarat,30,2022-05-26,9,8371285954,GB24PHUS2415076668228
F0389,Ladli Khalsa,North Gujarat,43,2023-08-24,24,911358230036,GB38JBDW8000377518330
F0390,Bhavani Parmar,Central Gujarat,27,2020-12-17,14,1690810340,GB40MQJG6265002780758
F0391,Upkaar Goswami,Central Gujarat,36,2022-04-29,19,4660003601,GB42IPWI7202466513212
F0392,Kala Parsa,North Gujarat,26,2022-02-03,15,9514635448,GB71HGTK8025506786344
F0393,Urmi Salvi,Central Gujarat,25,2023-02-20,22,3809862,GB88RQUF1175249019564
F0394,Mohammed Chad,South Gujarat,14,2022-03-22,6,915270730072,GB89QRGN2222238274085
F0395,Yatan Kala,South Gujarat,8,2022-10-25,12,9622230605,GB83XAUF1366635782251
F0396,Ranveer Subramanian,North Gujarat,37,2022-05-04,5,972558598,GB37NUHT2735404950426
F0397,Nimrat Amble,Central Gujarat,46,2023-06-30,11,918771557921,GB19EKGA2591232489636
F0398,Mugdha Rama,Kutch,21,2021-12-13,15,7592030339,GB40VEWJ1351000647928
F0399,Isaiah Patel,Saurashtra,2,2021-03-20,20,3189406571,GB29SXAK1673883008361
F0400,Oeshi Lala,Kutch,9,2022-08-05,17,7640455796,GB61HQMG2325703683903
F0401,Darsh Chad,South Gujarat,47,2022-05-09,6,911047424597,GB72OKWC8218800333973
F0402,Jatin Vala,South Gujarat,17,2023-04-14,17,915160158946,GB67OSEV5820328541856
F0403,Tanveer Varma,South Gujarat,15,2022-10-11,24,916695942767,GB31OAZB8461559964104
F0404,Neelima Basak,South Gujarat,13,2022-12-10,4,916749509528,GB46JVNL5012531204265
F0405,Ishanvi Hari,Saurashtra,24,2024-09-19,17,9302979897,GB10MZMJ9850202439310
F0406,Hritik Natt,North Gujarat,16,2023-03-12,10,1597946338,GB80RQUA9941795951410
F0407,Sara Mander,South Gujarat,29,2020-12-21,10,918973408826,GB81WLFG6576805758053
F0408,Triya Shah,Central Gujarat,35,2023-10-23,19,5583069033,GB74NADN2697745786026
F0409,Faris Srinivasan,Saurashtra,3,2024-04-10,14,490289380,GB59EBSA9341406165668
F0410,Waida Bose,South Gujarat,33,2024-05-31,21,6699838310,GB32XXLW4606455724772
F0411,Shaurya Bhatti,Central Gujarat,24,2024-01-18,12,4092436447,GB62CQVZ9239999790867
F0412,Orinder Aggarwal,South Gujarat,23,2023-02-18,11,2682950475,GB67MTTA1327538587995
F0413,Anjali Randhawa,North Gujarat,26,2021-12-18,7,4407078695,GB87ROAY0153887714952
F0414,Arin Lad,Saurashtra,23,2022-03-05,8,306980779,GB30NLHZ0097364638347
F0415,Nandini Yohannan,North Gujarat,23,2021-08-09,22,917027583938,GB57TPGM8268769025894
F0416,Umang Sridhar,Saurashtra,43,2023-07-04,4,911712547944,GB16HLCX9899964557984
F0417,Mohini Dhawan,South Gujarat,7,2023-10-27,15,2644564429,GB58CWWG2120542108510
F0418,Inaya Tandon,South Gujarat,16,2023-10-05,8,9305458038,GB20QMPL2089017838725
F0419,Eta Sridhar,Saurashtra,44,2022-12-03,7,918377163850,GB88YHVP1236891999187
F0420,Mitesh Sami,Central Gujarat,38,2024-06-17,3,6968310201,GB73EHKV4627869809066
F0421,Kai Sankaran,Central Gujarat,34,2022-09-07,23,918418235482,GB03LIRL9543372948540
F0422,Eshana Bains,South Gujarat,9,2022-09-25,24,3468482153,GB78GKYE8565997825820
F0423,Chanakya Kumer,South Gujarat,45,2022-08-15,23,7199683723,GB12CPII6227195831983
F0424,Manbir Nori,North Gujarat,45,2022-04-14,8,918994653080,GB97IYAF8925288549543
F0425,Tanmayi Basu,South Gujarat,6,2024-11-04,8,6326586262,GB81EOIZ7308374203314
F0426,Manbir Memon,Saurashtra,40,2021-04-25,18,914447365371,GB20IBSS8117187872579
F0427,Zaid Raj,Central Gujarat,5,2022-08-24,6,3924207375,GB86PCFN0135783936682
F0428,Yagnesh Hayre,Central Gujarat,7,2023-08-03,13,7423819103,GB97SIXU4244798631346
F0429,Tamanna Master,North Gujarat,46,2022-03-16,11,2838400206,GB56KWGN0131925273786
F0430,Ranbir Lall,Central Gujarat,33,2024-09-20,5,3346019887,GB63QQPD7274770253589
F0431,Hitesh Anand,Central Gujarat,31,2023-02-13,21,1672497083,GB15NIAT0145774469779
F0432,Yamini Gulati,Kutch,48,2023-01-06,10,2038111138,GB45OLRX8842097875005
F0433,Pranav Patla,Saurashtra,36,2022-10-09,7,5159486556,GB47ISBS1202871014676
F0434,Janani Behl,Kutch,41,2021-04-27,6,911162971160,GB28SNOJ0200513194219
F0435,Garima Nadkarni,Central Gujarat,17,2022-06-18,8,3580345560,GB96FHTY3858869512582
F0436,Theodore Pingle,North Gujarat,14,2023-11-06,4,914199257853,GB94HRDV3102423319758
F0437,Naksh Rastogi,North Gujarat,43,2024-03-30,22,2558673873,GB80PDIY2674943288832
F0438,Bakhshi Dani,Central Gujarat,31,2022-02-13,13,915222590606,GB96TITB3730315887272
F0439,Pushti Bhardwaj,South Gujarat,20,2023-05-23,6,910928315505,GB13VLZE0949919346525
F0440,Brijesh Chandran,Kutch,18,2022-03-31,17,919659783946,GB06DZNP2331928725302
F0441,Zayyan Saran,Central Gujarat,20,2021-02-12,8,6467510781,GB95ADFS8933562835363
F0442,Vasatika Bains,North Gujarat,29,2022-08-02,24,8953068754,GB35EUJS2607570929555
F0443,Lakshit Pandey,North Gujarat,27,2021-12-15,19,5352490688,GB57BLKO8695474680159
F0444,Ucchal Gulati,Kutch,38,2022-04-14,8,2786208537,GB39KZSU3331674983297
F0445,Janani Subramanian,Saurashtra,27,2021-08-20,21,1706883,GB54UFIW0608736266935
F0446,Daksh Dube,Central Gujarat,24,2022-09-05,4,8248920628,GB54XLHG6857183704853
F0447,Siya Rout,Central Gujarat,10,2021-04-10,17,1561741303,GB11NJKO2904609990314
F0448,Yoshita Gulati,Saurashtra,13,2023-02-07,13,37723736,GB37FWUP6254499483109
F0449,Yagnesh Lata,Kutch,2,2022-02-09,10,917773088143,GB06QLUZ8241359288438
F0450,Odika Banik,Kutch,2,2024-04-03,21,912842785861,GB79DAMA7472868704712
F0451,Anvi Pandey,North Gujarat,48,2022-09-26,15,8703433021,GB81MDAQ8503480855507
F0452,Quincy Majumdar,Saurashtra,35,2023-11-14,14,916462156698,GB24ZMCG2365415448102
F0453,Zayyan Barad,Kutch,33,2023-02-16,7,910107858560,GB05DSEF3721496380436
F0454,Hemal Gola,South Gujarat,49,2024-03-01,8,3429787446,GB38VPVU6118907750792
F0455,Chasmum Mukhopadhyay,Central Gujarat,26,2022-02-08,24,5809033408,GB08QOBK4229710223269
F0456,Ira Bhatt,North Gujarat,41,2023-02-10,6,4102527830,GB28DVEV1610242279432
F0457,Kavya Bhalla,Saurashtra,46,2023-11-03,21,5733787751,GB32KYYC6692014055814
F0458,Ladli Lall,North Gujarat,2,2022-06-24,22,916046516828,GB95YHPD2133243847023
F0459,Radhika Iyengar,Kutch,17,2024-01-07,3,9070243153,GB57BHKC1652732956055
F0460,William Tandon,Kutch,40,2021-03-17,22,3220032823,GB11SDUQ1942141279497
F0461,Yochana Buch,South Gujarat,6,2022-01-06,19,918146230940,GB33DAVN3645805762263
F0462,Rachana Pau,Central Gujarat,23,2021-08-11,14,6749053640,GB68MVGN2237976814021
F0463,Ishwar Mann,Saurashtra,30,2021-07-27,17,5751566653,GB74HVMV4142958530201
F0464,Madhavi Biswas,North Gujarat,4,2021-09-16,3,8556872224,GB69XLNY9351982113062
F0465,Dominic Mane,Central Gujarat,13,2021-09-08,16,1165835506,GB82QRAC5086720052027
F0466,Jagrati Wagle,Kutch,27,2024-11-16,8,5666133244,GB65HNRW4029915555121
F0467,Eta Sarna,Central Gujarat,17,2023-07-26,7,915590122918,GB80ZMDR9907764930746
F0468,Eesha Wable,North Gujarat,38,2023-01-22,13,9851470793,GB07CIMY5566250861056
F0469,Jhalak Cherian,Central Gujarat,23,2023-05-01,6,5473153125,GB73UFSJ9751560366270
F0470,Karan Keer,Kutch,30,2021-02-05,15,6926075868,GB29JEON0052905143688
F0471,Harini Grewal,Central Gujarat,15,2023-07-24,13,9960004095,GB62BJZT3712847691888
F0472,Upadhriti Vig,Saurashtra,29,2024-07-23,5,917424265068,GB75ZKRR6272928412542
F0473,Meera Kumar,Central Gujarat,6,2022-05-16,3,2495129255,GB11XVRB6834049382576
F0474,Nisha Hari,Saurashtra,48,2023-12-13,8,915727090973,GB37YPBN5396523766698
F0475,Pratyush Wali,Central Gujarat,31,2022-02-23,20,917912662270,GB76BDNU0901846009080
F0476,Zehaan Mukherjee,Kutch,47,2021-08-11,12,911354445916,GB26GWEU7362936888715
F0477,Oliver Edwin,South Gujarat,6,2023-06-26,7,918421622103,GB02RLTK9363231150475
F0478,Osha Sengupta,South Gujarat,13,2024-09-27,12,382923947,GB24CETU5681558644527
F0479,Yuvraj Kala,Saurashtra,17,2023-05-28,14,9446000251,GB80FQCB8816057595813
F0480,Pooja Bhatnagar,Saurashtra,27,2022-12-02,4,1731730364,GB44GPXG3027453215019
F0481,Jhalak Toor,South Gujarat,27,2024-02-26,15,916886436493,GB65HXKD1849259012017
F0482,Damini Arora,Kutch,49,2023-08-02,10,8325581677,GB13EPMT1959485433234
F0483,Rachita Batra,Kutch,22,2021-07-12,4,2893176394,GB57QTUC2758439029115
F0484,Aahana Venkatesh,Central Gujarat,40,2024-05-27,22,917869301556,GB96FEOB1587277894845
F0485,Rayaan Pillai,Saurashtra,37,2023-05-02,3,1496100302,GB41CLRS8383491358561
F0486,Bishakha Natarajan,Kutch,34,2024-10-22,7,911674402497,GB27CBDX5004572502711
F0487,Lucky Dugal,North Gujarat,31,2024-07-22,11,5624567484,GB32LJLS4064412368700
F0488,Ekantika Ramesh,Central Gujarat,38,2022-03-16,19,5582539768,GB35OBAQ1587163240757
F0489,Sachi Saran,Central Gujarat,24,2021-04-06,11,7619457852,GB15JEAU8731100202175
F0490,Ekavir Barman,South Gujarat,11,2023-06-03,13,8883432168,GB38NWFD3088437568199
F0491,Hardik Lata,Saurashtra,6,2021-10-23,17,3997189748,GB24BBTD1446988989723
F0492,Champak Lad,Kutch,37,2023-07-04,8,8878861020,GB03RQOJ4168103353097
F0493,Om Hegde,Kutch,35,2021-04-06,5,1003079144,GB08CJIJ5736345490571
F0494,Raghav Khosla,Central Gujarat,32,2022-09-02,19,2832110729,GB76HHAT4652757602483
F0495,Chaman Babu,Saurashtra,11,2024-04-26,7,871618,GB65XNYU1551764559764
F0496,Amrita Manda,Saurashtra,20,2023-01-12,14,7094283070,GB88TYOZ7182866116459
F0497,Zaid Baria,Saurashtra,33,2022-01-08,20,2778653589,GB09SLYB0598405986657
F0498,Guneet Raj,South Gujarat,2,2024-07-08,16,2430140252,GB68YUTE6638021000080
F0499,Ayush Shukla,Kutch,6,2022-05-27,23,1926775503,GB86XZTD2551780371912
F0500,Mahika Magar,Saurashtra,46,2021-11-07,13,69965073,GB70KXXJ0150878510191
